﻿pos_x,pos_y,rotation,side,designator,mpn,pack,value,mount_type,place
72.0,-77.2,0.0,top,3.3V1,,TestPoint_Pad_D1.0mm,TT,tht,True
78.025,-95.2,-90.0,bottom,CD_HD1,,C_0603_1608Metric,100nF,smt,True
81.571564,-73.9,0.0,bottom,CD_STM1,,C_0805_2012Metric,10µF,smt,True
80.575,-79.25,90.0,bottom,CD_STM_RST1,,C_0603_1608Metric,100nF,smt,True
79.996564,-84.0,0.0,bottom,CD_STM_VDD2,,C_0603_1608Metric,1µF,smt,True
81.621564,-73.8,180.0,top,CD_STM_VDD3,,C_0603_1608Metric,100nF,smt,True
79.921564,-84.0,0.0,top,CD_STM_VDDA1,,C_0603_1608Metric,100nF,smt,True
74.13,-71.9425,90.0,bottom,CIN_3REG1,,CP_EIA-3528-21_Kemet-B,22µF,smt,True
70.3,-69.0,0.0,top,CIN_3REG2,,C_0603_1608Metric,100nF,smt,True
70.3,-70.1,0.0,bottom,CIN_3REG3,,C_0805_2012Metric,4.7µF,smt,True
67.025,-74.725,-90.0,bottom,CREG_3REG1,,C_0603_1608Metric,1µF,smt,True
76.22,-72.085,90.0,top,CREG_3REG2,,C_0603_1608Metric,1µF,smt,True
82.675,-71.675,-90.0,top,DEBUG1,,PinHeader_1x05_P1.00mm_Vertical,Conn_01x05_Pin,tht,True
67.4,-85.8,-90.0,bottom,F1,,Fuse_1206_3216Metric,Fuse,smt,True
76.4,-85.0,0.0,top,GND_T1,,Pin_D0.7mm_L6.5mm_W1.8mm_FlatFork,Conn_01x01_Pin,tht,True
88.021564,-101.6,0.0,top,H1,,MountingHole_2.2mm_M2_Pad,MountingHole_Pad,tht,True
88.021564,-69.3,0.0,top,H2,,MountingHole_2.2mm_M2_Pad,MountingHole_Pad,tht,True
65.1,-69.2,0.0,top,H3,,MountingHole_2.2mm_M2_Pad,MountingHole_Pad,tht,True
65.1,-101.5,0.0,top,H4,,MountingHole_2.2mm_M2_Pad,MountingHole_Pad,tht,True
69.721564,-101.8,0.0,top,J1,,SolderWire-0.5sqmm_1x04_P4.6mm_D0.9mm_OD2.1mm,Conn_01x04_Pin,tht,True
74.06,-72.36,-90.0,top,L1,,L_1008_2520Metric,4.7µH,smt,True
84.421564,-91.9,0.0,top,LEDA1,,PinHeader_1x04_P1.00mm_Vertical,Conn_01x04_Pin,tht,True
87.021564,-91.9,0.0,top,LEDB1,,PinHeader_1x04_P1.00mm_Vertical,Conn_01x04_Pin,tht,True
64.6,-74.0,-90.0,top,POW1,,SolderWire-0.5sqmm_1x06_P4.6mm_D0.9mm_OD2.1mm,Conn_01x06_Pin,tht,True
86.021564,-88.7625,-90.0,bottom,QLEDA1,,SOT-23,BC846,smt,True
86.121564,-88.7,-90.0,top,QLEDB1,,SOT-23,BC846,smt,True
89.0,-84.5375,90.0,top,QSL1,,SOT-23,BC846,smt,True
69.99,-75.55,180.0,top,R1,,R_0603_1608Metric,10k,smt,True
84.871564,-72.85,90.0,top,R3,,R_0603_1608Metric,10k,smt,True
82.221564,-90.325,90.0,top,RLEDA1,,R_0603_1608Metric,60,smt,True
82.221564,-90.325,90.0,bottom,RLEDA2,,R_0603_1608Metric,60,smt,True
89.221564,-90.275,90.0,top,RLEDB1,,R_0603_1608Metric,60,smt,True
89.221564,-90.275,90.0,bottom,RLEDB2,,R_0603_1608Metric,60,smt,True
83.525,-85.75,0.0,bottom,RLEDQA1,,R_0603_1608Metric,1k,smt,True
83.821564,-85.8,0.0,top,RLEDQB1,,R_0603_1608Metric,1k,smt,True
89.225,-80.925,-90.0,top,RLSL1,,R_0603_1608Metric,40,smt,True
87.675,-80.925,90.0,top,RQSL1,,R_0603_1608Metric,1k,smt,True
86.3,-73.025,90.0,bottom,RSLM1,,R_0603_1608Metric,3.2k,smt,True
86.2,-80.375,-90.0,bottom,RSLM2,,R_0603_1608Metric,3.2k,smt,True
86.225,-75.7,90.0,top,SL1,,PinHeader_1x04_P1.00mm_Vertical,Conn_01x04_Pin,tht,True
86.225,-78.125,90.0,top,SL2,,PinHeader_1x04_P1.00mm_Vertical,Conn_01x04_Pin,tht,True
77.0,-89.375,180.0,top,START1,,PinHeader_1x03_P1.00mm_Vertical,Conn_01x03_Pin,tht,True
84.475,-68.675,-90.0,top,SW1,,PinHeader_1x03_P1.00mm_Vertical,Conn_01x03_Pin,tht,True
74.325,-81.225,180.0,top,TOF1,,PinHeader_1x06_P1.00mm_Vertical,Conn_01x05_Pin,tht,True
76.825,-81.225,180.0,top,TOF2,,PinHeader_1x06_P1.00mm_Vertical,Conn_01x05_Pin,tht,True
70.2,-72.3,0.0,top,U1,,VQFN20FV4040,BD9P135MUF-CE2 ,smt,True
81.546564,-79.1625,90.0,top,U2,,TSSOP-20_4.4x6.5mm_P0.65mm,STM32L031F6Px,smt,True
78.221564,-94.925,-90.0,top,U3,,TSSOP-16_4.4x5mm_P0.65mm,TC78H621FNG,smt,True
