﻿designator,quantity,value,pack,mpn,mount_type
3.3V1,1,TT,TestPoint_Pad_D1.0mm,,tht
"CD_HD1, CD_STM_RST1, CD_STM_VDD3, CD_STM_VDDA1, CIN_3REG2",5,100nF,C_0603_1608Metric,,smt
CD_STM1,1,10µF,C_0805_2012Metric,,smt
"CD_STM_VDD2, CREG_3REG1, CREG_3REG2",3,1µF,C_0603_1608Metric,,smt
CIN_3REG1,1,22µF,CP_EIA-3528-21_Kemet-B,,smt
CIN_3REG3,1,4.7µF,C_0805_2012Metric,,smt
DEBUG1,1,Conn_01x05_Pin,PinHeader_1x05_P1.00mm_Vertical,,tht
F1,1,Fuse,Fuse_1206_3216Metric,,smt
GND_T1,1,Conn_01x01_Pin,Pin_D0.7mm_L6.5mm_W1.8mm_FlatFork,,tht
"H1, H2, H3, H4",4,MountingHole_Pad,MountingHole_2.2mm_M2_Pad,,tht
J1,1,Conn_01x04_Pin,SolderWire-0.5sqmm_1x04_P4.6mm_D0.9mm_OD2.1mm,,tht
L1,1,4.7µH,L_1008_2520Metric,,smt
"LEDA1, LEDB1, SL1, SL2",4,Conn_01x04_Pin,PinHeader_1x04_P1.00mm_Vertical,,tht
POW1,1,Conn_01x06_Pin,SolderWire-0.5sqmm_1x06_P4.6mm_D0.9mm_OD2.1mm,,tht
"QLEDA1, QLEDB1, QSL1",3,BC846,SOT-23,,smt
"R1, R3",2,10k,R_0603_1608Metric,,smt
"RLEDA1, RLEDA2, RLEDB1, RLEDB2",4,60,R_0603_1608Metric,,smt
"RLEDQA1, RLEDQB1, RQSL1",3,1k,R_0603_1608Metric,,smt
RLSL1,1,40,R_0603_1608Metric,,smt
"RSLM1, RSLM2",2,3.2k,R_0603_1608Metric,,smt
"START1, SW1",2,Conn_01x03_Pin,PinHeader_1x03_P1.00mm_Vertical,,tht
"TOF1, TOF2",2,Conn_01x05_Pin,PinHeader_1x06_P1.00mm_Vertical,,tht
U1,1,BD9P135MUF-CE2 ,VQFN20FV4040,,smt
U2,1,STM32L031F6Px,TSSOP-20_4.4x6.5mm_P0.65mm,,smt
U3,1,TC78H621FNG,TSSOP-16_4.4x5mm_P0.65mm,,smt
